id,indicator_id,province_id,indicator_value,year
,1,1100,0.26,2024
,1,1200,0.25,2024
,1,1300,0.37,2024
,1,1400,0.74,2024
,1,1500,0.58,2024
,1,1600,0.41,2024
,1,1700,0.42,2024
,1,1800,0.49,2024
,1,1900,0.5,2024
,1,2100,0.42,2024
,1,3100,0.35,2024
,1,3200,0.53,2024
,1,3300,0.61,2024
,1,3400,0.76,2024
,1,3500,0.4,2024
,1,3600,0.18,2024
,1,5100,1,2024
,1,5200,1,2024
,1,5300,0.06,2024
,1,6100,0.5,2024
,1,6200,0.49,2024
,1,6300,0.4,2024
,1,6400,0.53,2024
,1,6500,0.5,2024
,1,7100,0.51,2024
,1,7200,0.42,2024
,1,7300,0.18,2024
,1,7400,0.13,2024
,1,7500,0.01,2024
,1,7600,0.11,2024
,1,8100,0.2,2024
,1,8200,0.9,2024
,1,9100,0.54,2024
,1,9400,0.31,2024
,1,1001,0.5,2024
,2,1100,9.73,2024
,2,1200,10.02,2024
,2,1300,9.31,2024
,2,1400,9.25,2024
,2,1500,8.97,2024
,2,1600,8.63,2024
,2,1700,9.22,2024
,2,1800,8.33,2024
,2,1900,8.48,2024
,2,2100,10.2,2024
,2,3100,11.58,2024
,2,3200,8.91,2024
,2,3300,7.95,2024
,2,3400,9.99,2024
,2,3500,8.05,2024
,2,3600,9.19,2024
,2,5100,10,2024
,2,5200,8,2024
,2,5300,8.06,2024
,2,6100,7.85,2024
,2,6200,9.01,2024
,2,6300,11.24,2024
,2,6400,10.25,2024
,2,6500,9.62,2024
,2,7100,9.74,2024
,2,7200,9.22,2024
,2,7300,8.72,2024
,2,7400,9.53,2024
,2,7500,7.95,2024
,2,7600,8.23,2024
,2,8100,10.4,2024
,2,8200,9.7,2024
,2,9100,7.81,2024
,2,9400,7.25,2024
,2,1001,8.79,2024
,3,1100,15.33,2024
,3,1200,14.24,2024
,3,1300,14.43,2024
,3,1400,14.28,2024
,3,1500,13.29,2024
,3,1600,13.41,2024
,3,1700,14.13,2024
,3,1800,13.06,2024
,3,1900,12.99,2024
,3,2100,13.19,2024
,3,3100,13.79,2024
,3,3200,12.92,2024
,3,3300,13.05,2024
,3,3400,16.43,2024
,3,3500,14.45,2024
,3,3600,13.3,2024
,3,5100,13.59,2024
,3,5200,14.81,2024
,3,5300,13.7,2024
,3,6100,13.03,2024
,3,6200,13.73,2024
,3,6300,12.91,2024
,3,6400,14.07,2024
,3,6500,12.99,2024
,3,7100,13.75,2024
,3,7200,13.57,2024
,3,7300,13.85,2024
,3,7400,14.63,2024
,3,7500,13.54,2024
,3,7600,13.03,2024
,3,8100,14.23,2024
,3,8200,14.5,2024
,3,9100,13.71,2024
,3,9400,11.26,2024
,3,1001,14.16,2024
,4,1100,76.16,2024
,4,1200,68.5,2024
,4,1300,75.13,2024
,4,1400,74.33,2024
,4,1500,71.22,2024
,4,1600,65,2024
,4,1700,78.52,2024
,4,1800,86.54,2024
,4,1900,89.12,2024
,4,2100,81.41,2024
,4,3100,82.77,2024
,4,3200,73.11,2024
,4,3300,91.52,2024
,4,3400,99.66,2024
,4,3500,90.32,2024
,4,3600,67.18,2024
,4,5100,84.13,2024
,4,5200,69.83,2024
,4,5300,55.31,2024
,4,6100,36.66,2024
,4,6200,79.23,2024
,4,6300,87.23,2024
,4,6400,86.76,2024
,4,6500,80.05,2024
,4,7100,81.67,2024
,4,7200,78.72,2024
,4,7300,68.92,2024
,4,7400,82.42,2024
,4,7500,92.46,2024
,4,7600,67.28,2024
,4,8100,52.67,2024
,4,8200,48.9,2024
,4,9100,51.31,2024
,4,9400,35.06,2024
,4,1001,76.68,2024
,5,1100,34,2024
,5,1200,32.38,2024
,5,1300,26.35,2024
,5,1400,33.48,2024
,5,1500,22.29,2024
,5,1600,27.03,2024
,5,1700,23.46,2024
,5,1800,33.07,2024
,5,1900,22.85,2024
,5,2100,29.97,2024
,5,3100,21.9,2024
,5,3200,23.2,2024
,5,3300,22.85,2024
,5,3400,100,2024
,5,3500,19.32,2024
,5,3600,24.77,2024
,5,5100,39.69,2024
,5,5200,40,2024
,5,5300,32.85,2024
,5,6100,28.02,2024
,5,6200,32.16,2024
,5,6300,26.15,2024
,5,6400,22.05,2024
,5,6500,28.24,2024
,5,7100,25.25,2024
,5,7200,40.1,2024
,5,7300,32.52,2024
,5,7400,30.27,2024
,5,7500,24,2024
,5,7600,19.64,2024
,5,8100,28.7,2024
,5,8200,23.18,2024
,5,9100,29.56,2024
,5,9400,26.72,2024
,5,1001,27.19,2024
,6,1100,100,2024
,6,1200,77.5,2024
,6,1300,89.43,2024
,6,1400,87.26,2024
,6,1500,62.98,2024
,6,1600,100,2024
,6,1700,100,2024
,6,1800,76.43,2024
,6,1900,83.74,2024
,6,2100,100,2024
,6,3100,75.14,2024
,6,3200,76.11,2024
,6,3300,70.73,2024
,6,3400,83.3,2024
,6,3500,86.84,2024
,6,3600,79.33,2024
,6,5100,90.1,2024
,6,5200,78.8,2024
,6,5300,67.46,2024
,6,6100,50.1,2024
,6,6200,72.65,2024
,6,6300,80.4,2024
,6,6400,79.82,2024
,6,6500,80.7,2024
,6,7100,77.98,2024
,6,7200,72.8,2024
,6,7300,71.65,2024
,6,7400,61.44,2024
,6,7500,45.45,2024
,6,7600,85.05,2024
,6,8100,88.91,2024
,6,8200,99.5,2024
,6,9100,100,2024
,6,9400,76.05,2024
,6,1001,85.66,2024
,7,1100,96.13,2024
,7,1200,95.09,2024
,7,1300,96.43,2024
,7,1400,94.14,2024
,7,1500,92.2,2024
,7,1600,92.54,2024
,7,1700,94.97,2024
,7,1800,92.81,2024
,7,1900,96.8,2024
,7,2100,97.36,2024
,7,3100,96.31,2024
,7,3200,90.37,2024
,7,3300,91.36,2024
,7,3400,96.69,2024
,7,3500,92.48,2024
,7,3600,90.1,2024
,7,5100,98.76,2024
,7,5200,95.51,2024
,7,5300,93.68,2024
,7,6100,93.68,2024
,7,6200,91.48,2024
,7,6300,90.9,2024
,7,6400,95.81,2024
,7,6500,94.91,2024
,7,7100,91.6,2024
,7,7200,91.84,2024
,7,7300,90.92,2024
,7,7400,93.12,2024
,7,7500,91.32,2024
,7,7600,91.21,2024
,7,8100,95.01,2024
,7,8200,93.2,2024
,7,9100,95.01,2024
,7,9400,79.33,2024
,7,1001,92.5,2024
,8,1100,42.06,2024
,8,1200,77.04,2024
,8,1300,57.93,2024
,8,1400,80.85,2024
,8,1500,66.35,2024
,8,1600,73.01,2024
,8,1700,91.08,2024
,8,1800,86.33,2024
,8,1900,84.41,2024
,8,2100,94.48,2024
,8,3100,94.34,2024
,8,3200,61.65,2024
,8,3300,88.56,2024
,8,3400,90.07,2024
,8,3500,80.3,2024
,8,3600,65.24,2024
,8,5100,89.89,2024
,8,5200,77.04,2024
,8,5300,86.67,2024
,8,6100,94.43,2024
,8,6200,93.31,2024
,8,6300,85.11,2024
,8,6400,96.63,2024
,8,6500,96.77,2024
,8,7100,93.36,2024
,8,7200,88.63,2024
,8,7300,91.33,2024
,8,7400,97.21,2024
,8,7500,96.08,2024
,8,7600,84.07,2024
,8,8100,86.32,2024
,8,8200,83.07,2024
,8,9100,95.89,2024
,8,9400,86.52,2024
,8,1001,81.35,2024
,9,1100,65.28,2024
,9,1200,88.79,2024
,9,1300,76.3,2024
,9,1400,92.17,2024
,9,1500,76.97,2024
,9,1600,79.82,2024
,9,1700,92.47,2024
,9,1800,93.92,2024
,9,1900,92.09,2024
,9,2100,89.52,2024
,9,3100,93.89,2024
,9,3200,76.3,2024
,9,3300,95.8,2024
,9,3400,92.06,2024
,9,3500,87.34,2024
,9,3600,74.45,2024
,9,5100,91.77,2024
,9,5200,84.14,2024
,9,5300,91.6,2024
,9,6100,96.13,2024
,9,6200,98.12,2024
,9,6300,91.13,2024
,9,6400,97.25,2024
,9,6500,100,2024
,9,7100,92.62,2024
,9,7200,95.02,2024
,9,7300,91.17,2024
,9,7400,99.7,2024
,9,7500,98.8,2024
,9,7600,94.32,2024
,9,8100,92.5,2024
,9,8200,85.52,2024
,9,9100,97.02,2024
,9,9400,86.69,2024
,9,1001,86.1,2024
,10,1100,58.39,2024
,10,1200,89.08,2024
,10,1300,81.84,2024
,10,1400,95.17,2024
,10,1500,78.19,2024
,10,1600,79.47,2024
,10,1700,94.25,2024
,10,1800,95.37,2024
,10,1900,94.4,2024
,10,2100,100,2024
,10,3100,89.08,2024
,10,3200,71.4,2024
,10,3300,91.96,2024
,10,3400,96.94,2024
,10,3500,85.95,2024
,10,3600,73.61,2024
,10,5100,99.95,2024
,10,5200,73.4,2024
,10,5300,93.22,2024
,10,6100,97.37,2024
,10,6200,96.8,2024
,10,6300,92.27,2024
,10,6400,95.48,2024
,10,6500,99.02,2024
,10,7100,98.33,2024
,10,7200,95.05,2024
,10,7300,92.58,2024
,10,7400,90.13,2024
,10,7500,94.73,2024
,10,7600,93.83,2024
,10,8100,93.8,2024
,10,8200,81.25,2024
,10,9100,97.78,2024
,10,9400,91.63,2024
,10,1001,87.55,2024
,11,1100,76.39,2024
,11,1200,96.05,2024
,11,1300,88.66,2024
,11,1400,96.14,2024
,11,1500,90.75,2024
,11,1600,86.39,2024
,11,1700,96.27,2024
,11,1800,96.91,2024
,11,1900,94.5,2024
,11,2100,99.68,2024
,11,3100,98.89,2024
,11,3200,84.5,2024
,11,3300,94.18,2024
,11,3400,95.29,2024
,11,3500,91.63,2024
,11,3600,79.64,2024
,11,5100,99.29,2024
,11,5200,91.15,2024
,11,5300,96.09,2024
,11,6100,97.42,2024
,11,6200,98.43,2024
,11,6300,92.44,2024
,11,6400,96.88,2024
,11,6500,100,2024
,11,7100,98.18,2024
,11,7200,96.89,2024
,11,7300,91.91,2024
,11,7400,96.69,2024
,11,7500,97.9,2024
,11,7600,94.03,2024
,11,8100,95.6,2024
,11,8200,87.43,2024
,11,9100,98.45,2024
,11,9400,94.44,2024
,11,1001,88.13,2024
,12,1100,87.57,2024
,12,1200,79.95,2024
,12,1300,75.58,2024
,12,1400,86.21,2024
,12,1500,86.9,2024
,12,1600,89.88,2024
,12,1700,86.34,2024
,12,1800,91.37,2024
,12,1900,83.49,2024
,12,2100,80.79,2024
,12,3100,79.43,2024
,12,3200,86.71,2024
,12,3300,94.42,2024
,12,3400,92.95,2024
,12,3500,92.92,2024
,12,3600,81.06,2024
,12,5100,95,2024
,12,5200,94.63,2024
,12,5300,83.46,2024
,12,6100,82.82,2024
,12,6200,82.95,2024
,12,6300,81.01,2024
,12,6400,78.8,2024
,12,6500,74.55,2024
,12,7100,93.81,2024
,12,7200,81.37,2024
,12,7300,82.76,2024
,12,7400,81.4,2024
,12,7500,88.72,2024
,12,7600,78.49,2024
,12,8100,78.36,2024
,12,8200,81.5,2024
,12,9100,70.52,2024
,12,9400,77.62,2024
,12,1001,85.79,2024
,13,1100,43.34,2024
,13,1200,25.15,2024
,13,1300,37.18,2024
,13,1400,38.48,2024
,13,1500,45.37,2024
,13,1600,32.55,2024
,13,1700,35.66,2024
,13,1800,34.94,2024
,13,1900,26.35,2024
,13,2100,47.37,2024
,13,3100,42,2024
,13,3200,43.62,2024
,13,3300,56.65,2024
,13,3400,71.19,2024
,13,3500,54.25,2024
,13,3600,40.26,2024
,13,5100,98.74,2024
,13,5200,54.05,2024
,13,5300,48.74,2024
,13,6100,33.66,2024
,13,6200,31.28,2024
,13,6300,38.79,2024
,13,6400,36.89,2024
,13,6500,34.79,2024
,13,7100,61.48,2024
,13,7200,50.66,2024
,13,7300,38.45,2024
,13,7400,30.43,2024
,13,7500,32.08,2024
,13,7600,33.7,2024
,13,8100,51.87,2024
,13,8200,60.75,2024
,13,9100,37.7,2024
,13,9400,49.43,2024
,13,1001,42.62,2024
,14,1100,25.16,2024
,14,1200,27.09,2024
,14,1300,29.03,2024
,14,1400,23.56,2024
,14,1500,22.34,2024
,14,1600,23.34,2024
,14,1700,18.55,2024
,14,1800,21.4,2024
,14,1900,27.62,2024
,14,2100,15.76,2024
,14,3100,23.92,2024
,14,3200,24.48,2024
,14,3300,18.77,2024
,14,3400,17.38,2024
,14,3500,21.3,2024
,14,3600,28.49,2024
,14,5100,13.06,2024
,14,5200,20,2024
,14,5300,32.84,2024
,14,6100,20.97,2024
,14,6200,25.1,2024
,14,6300,15.35,2024
,14,6400,21.97,2024
,14,6500,27.91,2024
,14,7100,24.89,2024
,14,7200,28.81,2024
,14,7300,25.45,2024
,14,7400,24.55,2024
,14,7500,35.49,2024
,14,7600,0.5,2024
,14,8100,30.3,2024
,14,8200,20,2024
,14,9100,35.83,2024
,14,9400,21.94,2024
,14,1001,23.08,2024
,15,1100,77.02,2024
,15,1200,79.41,2024
,15,1300,72.05,2024
,15,1400,78.39,2024
,15,1500,79.36,2024
,15,1600,84.52,2024
,15,1700,89.55,2024
,15,1800,88.01,2024
,15,1900,82.1,2024
,15,2100,70.77,2024
,15,3100,69.52,2024
,15,3200,82.48,2024
,15,3300,89.27,2024
,15,3400,83.42,2024
,15,3500,82.17,2024
,15,3600,81.84,2024
,15,5100,85,2024
,15,5200,95,2024
,15,5300,76.76,2024
,15,6100,81.59,2024
,15,6200,84.61,2024
,15,6300,81.67,2024
,15,6400,74.51,2024
,15,6500,74.51,2024
,15,7100,80.1,2024
,15,7200,83.94,2024
,15,7300,88.19,2024
,15,7400,84.18,2024
,15,7500,78.13,2024
,15,7600,95,2024
,15,8100,72.8,2024
,15,8200,80.6,2024
,15,9100,76.04,2024
,15,9400,67.36,2024
,15,1001,82.28,2024
,16,1100,5.23,2024
,16,1200,6.5,2024
,16,1300,8.68,2024
,16,1400,3.36,2024
,16,1500,1.68,2024
,16,1600,0.86,2024
,16,1700,37.27,2024
,16,1800,2.83,2024
,16,1900,6.62,2024
,16,2100,42.67,2024
,16,3100,0.98,2024
,16,3200,4.86,2024
,16,3300,19.51,2024
,16,3400,21.99,2024
,16,3500,4.02,2024
,16,3600,3.59,2024
,16,5100,1.58,2024
,16,5200,2.54,2024
,16,5300,0.94,2024
,16,6100,10.21,2024
,16,6200,1.73,2024
,16,6300,3.67,2024
,16,6400,0.93,2024
,16,6500,1,2024
,16,7100,3.57,2024
,16,7200,1.48,2024
,16,7300,5.22,2024
,16,7400,4.86,2024
,16,7500,5.19,2024
,16,7600,0.12,2024
,16,8100,23.4,2024
,16,8200,7.5,2024
,16,9100,0,2024
,16,9400,11.03,2024
,16,1001,6.9,2024
,17,1100,16.94,2024
,17,1200,8.2,2024
,17,1300,14.65,2024
,17,1400,25,2024
,17,1500,28.98,2024
,17,1600,20.68,2024
,17,1700,11.32,2024
,17,1800,39.37,2024
,17,1900,24.75,2024
,17,2100,19.13,2024
,17,3100,48,2024
,17,3200,12.7,2024
,17,3300,12.14,2024
,17,3400,32.9,2024
,17,3500,12.2,2024
,17,3600,23.67,2024
,17,5100,40,2024
,17,5200,7.67,2024
,17,5300,13.05,2024
,17,6100,14.7,2024
,17,6200,4.25,2024
,17,6300,26.39,2024
,17,6400,13.52,2024
,17,6500,30.46,2024
,17,7100,8.54,2024
,17,7200,7.89,2024
,17,7300,25.44,2024
,17,7400,7.83,2024
,17,7500,16.98,2024
,17,7600,16.41,2024
,17,8100,26.9,2024
,17,8200,15.18,2024
,17,9100,5.88,2024
,17,9400,7.03,2024
,17,1001,16.1,2024
,18,1100,76.85,2024
,18,1200,40.42,2024
,18,1300,97.9,2024
,18,1400,57.88,2024
,18,1500,87.52,2024
,18,1600,100,2024
,18,1700,97.2,2024
,18,1800,72.83,2024
,18,1900,99.53,2024
,18,2100,40.85,2024
,18,3100,3.8,2024
,18,3200,72.33,2024
,18,3300,98.39,2024
,18,3400,89.62,2024
,18,3500,96.68,2024
,18,3600,57.56,2024
,18,5100,94,2024
,18,5200,96.01,2024
,18,5300,68.53,2024
,18,6100,73.18,2024
,18,6200,91.7,2024
,18,6300,96.07,2024
,18,6400,32.57,2024
,18,6500,25.81,2024
,18,7100,98.03,2024
,18,7200,45.53,2024
,18,7300,74.8,2024
,18,7400,46.58,2024
,18,7500,92.38,2024
,18,7600,80.98,2024
,18,8100,71.8,2024
,18,8200,82.4,2024
,18,9100,17.36,2024
,18,9400,56.79,2024
,18,1001,73.97,2024
,19,1100,31.42,2024
,19,1200,56.23,2024
,19,1300,29.82,2024
,19,1400,57.82,2024
,19,1500,45.37,2024
,19,1600,65.79,2024
,19,1700,49.98,2024
,19,1800,66.05,2024
,19,1900,63.89,2024
,19,2100,58.97,2024
,19,3100,47.63,2024
,19,3200,40.82,2024
,19,3300,52.15,2024
,19,3400,56.5,2024
,19,3500,62.67,2024
,19,3600,45.23,2024
,19,5100,68,2024
,19,5200,51.24,2024
,19,5300,16.68,2024
,19,6100,40.37,2024
,19,6200,37.73,2024
,19,6300,40,2024
,19,6400,47.72,2024
,19,6500,43.88,2024
,19,7100,26.48,2024
,19,7200,27.7,2024
,19,7300,40.08,2024
,19,7400,37.55,2024
,19,7500,28.54,2024
,19,7600,27.41,2024
,19,8100,19.43,2024
,19,8200,35.1,2024
,19,9100,34.91,2024
,19,9400,29.67,2024
,19,1001,63.86,2024
,20,1100,26.63,2024
,20,1200,16.93,2024
,20,1300,18.12,2024
,20,1400,10.72,2024
,20,1500,18.66,2024
,20,1600,7.19,2024
,20,1700,25.28,2024
,20,1800,7.76,2024
,20,1900,20.63,2024
,20,2100,14.19,2024
,20,3100,37.68,2024
,20,3200,19.74,2024
,20,3300,20.13,2024
,20,3400,24.35,2024
,20,3500,18.82,2024
,20,3600,24.24,2024
,20,5100,25,2024
,20,5200,17.88,2024
,20,5300,14.91,2024
,20,6100,10.75,2024
,20,6200,17.22,2024
,20,6300,11.99,2024
,20,6400,28.77,2024
,20,6500,14.7,2024
,20,7100,19.14,2024
,20,7200,2.96,2024
,20,7300,12.56,2024
,20,7400,11.95,2024
,20,7500,74.46,2024
,20,7600,5.57,2024
,20,8100,14.28,2024
,20,8200,16.98,2024
,20,9100,5.86,2024
,20,9400,7.16,2024
,20,1001,21.46,2024
,21,1100,46.7,2024
,21,1200,47.74,2024
,21,1300,52.99,2024
,21,1400,75.26,2024
,21,1500,48.94,2024
,21,1600,60,2024
,21,1700,73.11,2024
,21,1800,63.94,2024
,21,1900,47.37,2024
,21,2100,53.51,2024
,21,3100,53.39,2024
,21,3200,56.53,2024
,21,3300,68.19,2024
,21,3400,75.25,2024
,21,3500,67.48,2024
,21,3600,64.01,2024
,21,5100,81.82,2024
,21,5200,80,2024
,21,5300,80.69,2024
,21,6100,49.4,2024
,21,6200,55.5,2024
,21,6300,60.46,2024
,21,6400,37.61,2024
,21,6500,34.79,2024
,21,7100,39.66,2024
,21,7200,41.54,2024
,21,7300,49.06,2024
,21,7400,39.79,2024
,21,7500,64.88,2024
,21,7600,37.43,2024
,21,8100,34.82,2024
,21,8200,46.93,2024
,21,9100,49.12,2024
,21,9400,52.82,2024
,21,1001,59.81,2024
,22,1100,15.6,2024
,22,1200,10.55,2024
,22,1300,17.36,2024
,22,1400,12.27,2024
,22,1500,13.02,2024
,22,1600,8.87,2024
,22,1700,13.28,2024
,22,1800,13.84,2024
,22,1900,9.43,2024
,22,2100,14.7,2024
,22,3100,16.54,2024
,22,3200,11.4,2024
,22,3300,21.58,2024
,22,3400,25.69,2024
,22,3500,13.68,2024
,22,3600,12.61,2024
,22,5100,20,2024
,22,5200,15.35,2024
,22,5300,22.61,2024
,22,6100,24.87,2024
,22,6200,12.12,2024
,22,6300,7.4,2024
,22,6400,11.55,2024
,22,6500,10.93,2024
,22,7100,15.48,2024
,22,7200,14.05,2024
,22,7300,9.11,2024
,22,7400,11.64,2024
,22,7500,11.22,2024
,22,7600,13.62,2024
,22,8100,9.48,2024
,22,8200,17.36,2024
,22,9100,19.39,2024
,22,9400,16.3,2024
,22,1001,13.17,2024
,23,1100,7.13,2024
,23,1200,11.5,2024
,23,1300,9.23,2024
,23,1400,12,2024
,23,1500,6.68,2024
,23,1600,6.49,2024
,23,1700,7.66,2024
,23,1800,6.82,2024
,23,1900,4.9,2024
,23,2100,6.81,2024
,23,3100,7.16,2024
,23,3200,6.31,2024
,23,3300,11.22,2024
,23,3400,11.53,2024
,23,3500,7.7,2024
,23,3600,5.51,2024
,23,5100,20,2024
,23,5200,13.4,2024
,23,5300,7.29,2024
,23,6100,5.28,2024
,23,6200,5.43,2024
,23,6300,4.2,2024
,23,6400,5.24,2024
,23,6500,6.72,2024
,23,7100,13.91,2024
,23,7200,7.15,2024
,23,7300,3.36,2024
,23,7400,3.19,2024
,23,7500,4.6,2024
,23,7600,11.11,2024
,23,8100,9.44,2024
,23,8200,8,2024
,23,9100,9.19,2024
,23,9400,9.39,2024
,23,1001,6.35,2024
,24,1100,1.85,2024
,24,1200,3.29,2024
,24,1300,2.06,2024
,24,1400,2.21,2024
,24,1500,1.76,2024
,24,1600,1.27,2024
,24,1700,1.85,2024
,24,1800,2.05,2024
,24,1900,1.52,2024
,24,2100,1.6,2024
,24,3100,1.49,2024
,24,3200,1.72,2024
,24,3300,2.18,2024
,24,3400,4.42,2024
,24,3500,2.66,2024
,24,3600,1,2024
,24,5100,6.73,2024
,24,5200,3.29,2024
,24,5300,1.88,2024
,24,6100,0.69,2024
,24,6200,1.64,2024
,24,6300,2.98,2024
,24,6400,2.27,2024
,24,6500,2.95,2024
,24,7100,3.03,2024
,24,7200,1.38,2024
,24,7300,1.54,2024
,24,7400,1.61,2024
,24,7500,5.02,2024
,24,7600,1.02,2024
,24,8100,1.3,2024
,24,8200,0.9,2024
,24,9100,3.11,2024
,24,9400,5.61,2024
,24,1001,2.04,2024
,25,1100,36.51,2024
,25,1200,15.68,2024
,25,1300,12.65,2024
,25,1400,25.74,2024
,25,1500,12.58,2024
,25,1600,13.76,2024
,25,1700,9.1,2024
,25,1800,15.35,2024
,25,1900,23.3,2024
,25,2100,19.17,2024
,25,3100,10.62,2024
,25,3200,17.13,2024
,25,3300,27,2024
,25,3400,22.54,2024
,25,3500,41.56,2024
,25,3600,26.16,2024
,25,5100,41.73,2024
,25,5200,29.28,2024
,25,5300,25.93,2024
,25,6100,22.23,2024
,25,6200,20.58,2024
,25,6300,21.83,2024
,25,6400,18.64,2024
,25,6500,23.85,2024
,25,7100,27.3,2024
,25,7200,24.17,2024
,25,7300,22.05,2024
,25,7400,16.55,2024
,25,7500,26,2024
,25,7600,25.86,2024
,25,8100,20,2024
,25,8200,30.45,2024
,25,9100,24.51,2024
,25,9400,12.8,2024
,25,1001,23.06,2024
,26,1100,64.16,2024
,26,1200,55.5,2024
,26,1300,45.91,2024
,26,1400,56.14,2024
,26,1500,54.93,2024
,26,1600,45.35,2024
,26,1700,47.15,2024
,26,1800,46.98,2024
,26,1900,50.27,2024
,26,2100,59.96,2024
,26,3100,57.86,2024
,26,3200,55.29,2024
,26,3300,47.53,2024
,26,3400,57.86,2024
,26,3500,47.96,2024
,26,3600,43.53,2024
,26,5100,64.87,2024
,26,5200,50.6,2024
,26,5300,52.75,2024
,26,6100,42.72,2024
,26,6200,53.59,2024
,26,6300,55.81,2024
,26,6400,60.49,2024
,26,6500,48.44,2024
,26,7100,47.83,2024
,26,7200,40.95,2024
,26,7300,53.61,2024
,26,7400,44.65,2024
,26,7500,38.18,2024
,26,7600,46.5,2024
,26,8100,41.4,2024
,26,8200,50.5,2024
,26,9100,54.08,2024
,26,9400,48.25,2024
,26,1001,48.09,2024
,27,1100,57.56,2024
,27,1200,64.02,2024
,27,1300,63.6,2024
,27,1400,71.66,2024
,27,1500,64.65,2024
,27,1600,60.69,2024
,27,1700,61.29,2024
,27,1800,68.09,2024
,27,1900,70.99,2024
,27,2100,72.11,2024
,27,3100,85,2024
,27,3200,83.67,2024
,27,3300,71.21,2024
,27,3400,64.65,2024
,27,3500,83.45,2024
,27,3600,80.52,2024
,27,5100,84,2024
,27,5200,59.86,2024
,27,5300,43.79,2024
,27,6100,60.62,2024
,27,6200,74.96,2024
,27,6300,75.03,2024
,27,6400,68.05,2024
,27,6500,76.06,2024
,27,7100,73.1,2024
,27,7200,55.87,2024
,27,7300,67.88,2024
,27,7400,67.15,2024
,27,7500,63.54,2024
,27,7600,51.5,2024
,27,8100,54.65,2024
,27,8200,50,2024
,27,9100,69.16,2024
,27,9400,37.81,2024
,27,1001,67.67,2024
,28,1100,20.5,2024
,28,1200,11.01,2024
,28,1300,22.47,2024
,28,1400,16.07,2024
,28,1500,9.77,2024
,28,1600,10.07,2024
,28,1700,14.68,2024
,28,1800,14.03,2024
,28,1900,15.97,2024
,28,2100,15.5,2024
,28,3100,19.36,2024
,28,3200,13.6,2024
,28,3300,17.83,2024
,28,3400,19.58,2024
,28,3500,17.55,2024
,28,3600,16.49,2024
,28,5100,17.86,2024
,28,5200,25,2024
,28,5300,15.72,2024
,28,6100,11.6,2024
,28,6200,13.48,2024
,28,6300,14.01,2024
,28,6400,17.43,2024
,28,6500,13.44,2024
,28,7100,8.97,2024
,28,7200,12.66,2024
,28,7300,13.26,2024
,28,7400,15.16,2024
,28,7500,15.82,2024
,28,7600,11.15,2024
,28,8100,13.57,2024
,28,8200,11,2024
,28,9100,11.8,2024
,28,9400,4.67,2024
,28,1001,16.2,2024
,29,1100,62,2024
,29,1200,76.04,2024
,29,1300,73.86,2024
,29,1400,55.83,2024
,29,1500,60.72,2024
,29,1600,65.13,2024
,29,1700,68.26,2024
,29,1800,63.13,2024
,29,1900,62.75,2024
,29,2100,59.66,2024
,29,3100,59.73,2024
,29,3200,61.43,2024
,29,3300,68,2024
,29,3400,81.55,2024
,29,3500,69.05,2024
,29,3600,57.34,2024
,29,5100,89.56,2024
,29,5200,74.5,2024
,29,5300,75.77,2024
,29,6100,65.34,2024
,29,6200,61.84,2024
,29,6300,68.08,2024
,29,6400,64.06,2024
,29,6500,57.84,2024
,29,7100,62.96,2024
,29,7200,64.46,2024
,29,7300,61.3,2024
,29,7400,73.6,2024
,29,7500,68.6,2024
,29,7600,75,2024
,29,8100,69,2024
,29,8200,61.9,2024
,29,9100,67.16,2024
,29,9400,79.92,2024
,29,1001,64.23,2024
,30,1100,84.48,2024
,30,1200,94.61,2024
,30,1300,97.05,2024
,30,1400,89.87,2024
,30,1500,85.95,2024
,30,1600,88.26,2024
,30,1700,91.27,2024
,30,1800,84.29,2024
,30,1900,85.16,2024
,30,2100,97.34,2024
,30,3100,88.89,2024
,30,3200,77.89,2024
,30,3300,79.98,2024
,30,3400,85.57,2024
,30,3500,75.16,2024
,30,3600,84.75,2024
,30,5100,74.13,2024
,30,5200,71.53,2024
,30,5300,82.6,2024
,30,6100,81.15,2024
,30,6200,87.58,2024
,30,6300,79.91,2024
,30,6400,84.63,2024
,30,6500,87.37,2024
,30,7100,100,2024
,30,7200,87.76,2024
,30,7300,89.37,2024
,30,7400,89.99,2024
,30,7500,111.92,2024
,30,7600,93.05,2024
,30,8100,91.89,2024
,30,8200,84,2024
,30,9100,90.01,2024
,30,9400,74.8,2024
,30,1001,81.59,2024
,31,1100,22.98,2024
,31,1200,17.65,2024
,31,1300,10.44,2024
,31,1400,30,2024
,31,1500,23.48,2024
,31,1600,24.22,2024
,31,1700,21.62,2024
,31,1800,24.03,2024
,31,1900,7.98,2024
,31,2100,25.58,2024
,31,3100,25.13,2024
,31,3200,31.27,2024
,31,3300,35.01,2024
,31,3400,16.17,2024
,31,3500,18.94,2024
,31,3600,30.37,2024
,31,5100,16.36,2024
,31,5200,10.39,2024
,31,5300,18.41,2024
,31,6100,14.8,2024
,31,6200,49.81,2024
,31,6300,20.87,2024
,31,6400,15.01,2024
,31,6500,30.66,2024
,31,7100,71.94,2024
,31,7200,36.11,2024
,31,7300,31.92,2024
,31,7400,30.11,2024
,31,7500,51.93,2024
,31,7600,37.56,2024
,31,8100,40,2024
,31,8200,27.63,2024
,31,9100,9.72,2024
,31,9400,18.15,2024
,31,1001,21.19,2024
